{
	"topWindow": {
		"path": "windows/page_header.vue",
		"style": {
			"height": "60px"
		},
		"matchMedia": {
			"minWidth": 1200 //生效条件，当窗口宽度大于768px时显示
		}
	},
	"pages": [{
			"path": "pages/index/index",
			"style": {
				"navigationBarTitleText": "首页"
			}
		},
		{
			"path": "pages/comment/edit",
			"style": {
				"navigationBarTitleText": "评论"
			}
		},
		{
			"path": "pages/web/index",
			"style": {
				"navigationBarTitleText": "浏览网站"
			}
		},
		{
			"path": "pages/media/music",
			"style": {
				"navigationBarTitleText": "音乐",
				"backgroundColor": "#000000"
			}
		}, {
			"path": "pages/media/image",
			"style": {
				"navigationBarTitleText": "图片预览",
				"backgroundColor": "#000000"
			}
		}, {
			"path": "pages/media/video",
			"style": {
				"navigationBarTitleText": "视频",
				"backgroundColor": "#000000"
			}
		}, {
			"path": "pages/account/forgot",
			"style": {
				"navigationBarTitleText": "找回密码"
			}
		}, {
			"path": "pages/account/login",
			"style": {
				"navigationBarTitleText": "登录"
			}
		},
		{
			"path": "pages/account/register",
			"style": {
				"navigationBarTitleText": "注册"
			}
		},
		{
			"path": "pages/article/list",
			"style": {
				"navigationBarTitleText": "学习技巧"
			}
		},{
			"path": "pages/article/index",
			"style": {
				"navigationBarTitleText": "学习技巧列表"
			}
		}, {
			"path": "pages/article/details",
			"style": {
				"navigationBarTitleText": "学习技巧详情"
			}
		},
		{
			"path": "pages/forum/index",
			"style": {
				"navigationBarTitleText": "学习交流"
			}
		}, {
			"path": "pages/forum/list",
			"style": {
				"navigationBarTitleText": "学习交流列表"
			}
		}, {
			"path": "pages/forum/details",
			"style": {
				"navigationBarTitleText": "学习交流详情"
			}
		}, {
			"path": "pages/forum/view",
			"style": {
				"navigationBarTitleText": "发布内容"
			}
		},
		// 考试路由
		{
			"path": "pages/exam/list",
			"style": {
				"navigationBarTitleText": "单词练习列表"
			}
		},
		{
			"path": "pages/exam/details",
			"style": {
				"navigationBarTitleText": "单词练习详情"
			}
		},
		{
			"path": "pages/notice/list",
			"style": {
				"navigationBarTitleText": "公告列表"
			}
		},
		{
			"path": "pages/notice/details",
			"style": {
				"navigationBarTitleText": "公告"
			}
		},
		// 单词大全列表路由
		{
			"path": "pages/encyclopedia_of_words/list",
			"style": {
				"navigationBarTitleText": "单词大全列表"
			}
		},
		// 单词大全详情路由
		{
			"path": "pages/encyclopedia_of_words/details",
			"style": {
				"navigationBarTitleText": "单词大全"
			}
		},
		// 注册用户列表路由
		{
			"path": "pages/registered_user/table",
			"style": {
				"navigationBarTitleText": "注册用户列表"
			}
		},
		// 注册用户编辑路由
		{
			"path": "pages/registered_user/view",
			"style": {
				"navigationBarTitleText": "注册用户编辑"
			}
		},
		// 单词分类列表路由
		{
			"path": "pages/word_classification/table",
			"style": {
				"navigationBarTitleText": "单词分类列表"
			}
		},
		// 单词分类编辑路由
		{
			"path": "pages/word_classification/view",
			"style": {
				"navigationBarTitleText": "单词分类编辑"
			}
		},
		// 单词大全列表路由
		{
			"path": "pages/encyclopedia_of_words/table",
			"style": {
				"navigationBarTitleText": "单词大全列表"
			}
		},
		// 单词大全编辑路由
		{
			"path": "pages/encyclopedia_of_words/view",
			"style": {
				"navigationBarTitleText": "单词大全编辑"
			}
		},
		{
			"path": "pages/user/collect",
			"style": {
				"navigationBarTitleText": "我的收藏"
			}
		},
		{
			"path": "pages/user/index",
			"style": {
				"navigationBarTitleText": "我"
			}
		}, {
			"path": "pages/user/password",
			"style": {
				"navigationBarTitleText": "修改密码"
			}
		}, {
			"path": "pages/user/info",
			"style": {
				"navigationBarTitleText": "基本信息"
			}
		}
	],
	"globalStyle": {
		"navigationBarTextStyle": "black",
		"navigationBarTitleText": "长盛",
		"navigationBarBackgroundColor": "#F8F8F8",
		"backgroundColor": "#F8F8F8",
		"app-plus": {
			"background": "#efeff4"
		}
	},
	"tabBar": {
		"color": "#8a8a8a",
		"selectedColor": "#3388FF",
		"borderStyle": "black",
		"backgroundColor": "#ffffff",
		"list": [{
				"pagePath": "pages/index/index",
				"text": "首页",
				"iconPath": "static/img/home_a.png",
				"selectedIconPath": "static/img/home_b.png"
			},
			{
				"pagePath": "pages/forum/index",
				"text": "学习交流",
				"iconPath": "static/img/forum_a.png",
				"selectedIconPath": "static/img/forum_b.png"
			},
			{
				"pagePath": "pages/article/index",
				"text": "学习技巧",
				"iconPath": "static/img/article_a.png",
				"selectedIconPath": "static/img/article_b.png"
			},
			{
				"pagePath": "pages/user/index",
				"text": "我的",
				"iconPath": "static/img/my_a.png",
				"selectedIconPath": "static/img/my_b.png"
			}
		]
	},
	"condition": { //模式配置，仅开发期间生效
		"current": 0, //当前激活的模式(list 的索引项)
		"list": [{
			"name": "", //模式名称
			"path": "", //启动页面，必选
			"query": "" //启动参数，在页面的onLoad函数里面得到
		}]
	},
	"easycom": {
		"autoscan": true,
		"custom": {
			"^mm_(.*)": "@/components/mm_vue_ui/base/mm_$1.vue"
		}
	}
}
